asin,product_title
B0BQ118F2T,Moto G Play 2023 3-Day Battery Unlocked Made for US 3/32GB 16MP Camera Navy Blue
B0CTD47P22,"SAMSUNG Galaxy A15 5G (SM-156M/DSN), 128GB 6GB RAM, Dual SIM, Factory Unlocked GSM, International Version (Wall Charger Bundle) (Light Blue)"
B0CHH6X6H2,Total by Verizon | Samsung Galaxy A03s | Locked | 32GB | 5000mAh Battery | 48MP Main Camera | 6.5-in. HD+Infinity-V Display | Black
B0BZ9XNBRB,Google Pixel 7a - Unlocked Android Cell Phone - Smartphone with Wide Angle Lens and 24-Hour Battery - 128 GB – Charcoal
B0CN1QSH8Q,"SAMSUNG Galaxy A15 5G A Series Cell Phone, 128GB Unlocked Android Smartphone, AMOLED Display, Expandable Storage, Knox Security, Super Fast Charging, Hi-Res Camera, US Version, 2024, Blue Black"
B0CSB22F9C,"Samsung Galaxy A15 (SM-155M/DSN), 128GB 6GB RAM, Dual SIM, Factory Unlocked GSM, International Version (Wall Charger Bundle) (Light Blue)"
B0CV4NQYFP,"SAMSUNG Galaxy A35 5G A Series Cell Phone, 128GB Unlocked Android Smartphone, AMOLED Display, Advanced Triple Camera System, Expandable Storage, Rugged Design, US Version, 2024, Awesome Navy"
B0CHH1N9VY,TracFone | Motorola Moto g Pure | Locked | 32GB | 4000 mAh Battery | 13 MP Dual Camera System | 6.5&quot; Max Vision HD+ Display | Blue
B0BLZN9NDG,"SAMSUNG,Galaxy A04e (SM-A042M/DS) Dual SIM 32GB,6.5&#x27;&#x27; GSM Unlocked,International Version-Black"
B0CP6DDN1H,Moto G Play | 2024 | Unlocked | Made for US 4/64GB | 50MP Camera | Sapphire Blue
B09SM24S8C,"Samsung Galaxy A03s Cell Phone, AT&amp;T GSM Unlocked Android Smartphone, 32GB, Long Lasting Battery, Expandable Storage, 3 Camera Lenses, Infinite Display - Black (Renewed)"
B086QB7WZ1,"AT&amp;T BL102-2 DECT 6.0 2-Handset Cordless Phone for Home with Answering Machine, Call Blocking, Caller ID Announcer, Audio Assist, Intercom, and Unsurpassed Range, Silver/Black"
B0D5T7318W,Bold K10 | 2024 | 3-Day Battery | Unlocked | 6.6” HD+ Infinity Display | 128/4GB | Triple 50MP Camera | US Version | US Warranty | Black
B0CGTD5KVT,"Google Pixel 8 - Unlocked Android Smartphone with Advanced Pixel Camera, 24-Hour Battery, and Powerful Security - Obsidian - 128 GB"
B0BYGXFJ8K,Motorola Moto G Power 5G | 2023 | Unlocked | Made for US 6/256GB | 50 MPCamera | Mineral Black
B00FRSYS12,"VTech CS6719-2 2-Handset Expandable Cordless Phone with Caller ID/Call Waiting, Handset Intercom &amp; Backlit Display/Keypad, Silver"
B0CWXNS552,Apple AirTag
B0D54JZTHY,Apple AirTag 4 pack
B0CRCWCGNW,"Amazon Basics - Washable School Glue Sticks, Dries Clear, 2-Pack, Purple"
B0CRDYZVDC,"Amazon Basics Heavy Duty Plastic Folders with 2 Pockets for Letter Size Paper, Red and Blue, 2-Pack"
B0CRB1VZ46,"Amazon Basics Multipurpose, Comfort Grip, PVD Coated, Stainless Steel Office Scissors, Grey 1 pack"
1368092209,The Book of Bill (Gravity Falls)
1649374186,"Onyx Storm (Deluxe Limited Edition) (The Empyrean, 3)"
B08BG9MPT9,Peacock TV
B0DBD2L1NN,Thanksgiving - UHD/BD Combo + Digital + Steelbook [Blu-ray]
B0CS12LZLS,"NESCAFÉ Gold Espresso Blonde, Instant Coffee, 3.5 oz"
62300555,Hillbilly Elegy: A Memoir of a Family and Culture in Crisis
B0DBR4KDRF,FOREVER (Amazon Exclusive Blue Vinyl)
B0DBM9KD5M,Christmas (Amazon Exclusive Blue &amp;amp; White Splatter Vinyl + Alternate Cover)
B0D5FZGY8W,"URO Vaginal Probiotics for Women pH Balance with Prebiotics &amp; Lactobacillus Probiotic Blend - Women&#x27;s Vaginal Health Supplement - Promote Healthy Vaginal Odor &amp; Vaginal Flora, 60 Count (Pack of 1)"
B0D94H3739,Going Balls: 3D Race
B07RFSSYBH,Atomic Habits: An Easy &amp; Proven Way to Build Good Habits &amp; Break Bad Ones
B0DBQY1PKS,FOREVER
B0C9N2L56X,The Anxious Generation: How the Great Rewiring of Childhood Is Causing an Epidemic of Mental Illness
B0D9MXGXBQ,Saga #68
B0D4DJ6BRR,"DAYBETTER LED Strip Lights 130ft (2 Rolls of 65.6ft), Color Changing Lights Strip for Bedroom, Desk, Indoor, Room Bedroom, Girl Boy Brithday Gifts RGB Decor with Remote and 24V Power Supply"
B0D7ZPCB25,Teacher Simulator: School Days
B0CV4FQPY1,"Bounty Select-A-Size Paper Towels, White, 8 Triple Rolls = 24 Regular Rolls"
B0D1XD1ZV3,"Apple AirPods Pro (2nd Generation) Wireless Ear Buds with USB-C Charging, Up to 2X More Active Noise Cancelling Bluetooth Headphones, Transparency Mode, Adaptive Audio, Personalized Spatial Audio"
052802759X,Rand McNally Large Scale Road Atlas 2025
B0DBQRZCY3,FOREVER (Amazon Exclusive Turquoise Cover)
B0D3PBB78P,EA SPORTS College Football 25 - PlayStation 5
B0CW19X9CY,My Avatar Life City
B00XZFCVK4,Max
B0CY5PP447,Ragdoll Kick: Broken Bones
B01GGU0XWC,It Ends with Us
B0DB7CQ965,Star Trek: Prodigy: Season 2 [Blu-Ray]
B0CNG959BT,What Now
B0CPKXGL6Q,All the Colors of the Dark
B0D9W64Q4Y,In A Violent Nature: Collector’s Edition [Blu-Ray]
B0CL1YQLB5,The God of the Woods: A Novel
B0D2PKQGQV,"Hanes Men&#x27;s Pocket Undershirt Pack, Cotton Crew Neck T-Shirt, Moisture Wicking Tee, Assorted 6-Pack"
B0DB7NV3ZH,Paramount Presents: Ghost [4K UHD + Blu-Ray + Digital Copy]
B0DBKCXCHL,Mirage Tour &#x27;82
B0CTWDLJ99,Mission: Impossible - Dead Reckoning
B07Y8SJGCV,Disney+
B005ZXWMUS,Netflix
B0CL72PR7B,A Death in Cornwall: A Novel (Gabriel Allon Book 24)
B0117U0G3M,TikTok
B0D6LWXK1R,Greatish Hits: I Followed My Dreams and My Dreams Said to Crawl
B0CLKQF5HR,Swan Song
B0BZFHK12K,Bluey: Let&#x27;s Play!
B09Z7J4L6X,"Xbox Wireless Controller – Sky Cipher Special Edition for Xbox Series X|S, Xbox One, and Windows Devices"
B0CT2R7199,"HP DeskJet 2855e Wireless All-in-One Color Inkjet Printer, Scanner, Copier, Best-for-home, 3 months of ink included (588S5A)"